theme,branch,path,status,note
lawrennd,main,_layouts/publication.html,IDENTICAL,
lawrennd,main,_layouts/article.html,IDENTICAL,layout=publication; body=paper_authors_abstract_links.html
lawrennd,main,_layouts/inproceedings.html,IDENTICAL,
lawrennd,main,_layouts/techreport.html,IDENTICAL,
lawrennd,main,_includes/paper_authors_abstract_links.html,IDENTICAL,
lawrennd,main,_includes/paper_abstract.html,IDENTICAL,
lawrennd,main,_includes/cite-as.html,IDENTICAL,
lawrennd,main,_includes/listpaper.html,IDENTICAL,
lawrennd,main,_includes/listauthors.html,IDENTICAL,
lawrennd,main,_includes/seo-info.html,IDENTICAL,
lawrennd,main,_includes/extractinfo_publication.html,IDENTICAL,
lawrennd,main,_includes/extractname.html,IDENTICAL,
lawrennd,main,_includes/copy_sections.html,IDENTICAL,
lawrennd,main,_includes/bibtex_copy_section.html,IDENTICAL,
lawrennd,main,_includes/apa_copy_section.html,IDENTICAL,
lawrennd,main,_includes/ris_copy_section.html,IDENTICAL,
lawrennd,main,_includes/endnote_copy_section.html,IDENTICAL,
lawrennd,main,_includes/bibtex_entry,IDENTICAL,
lawrennd,main,_includes/apa_entry,IDENTICAL,
lawrennd,main,_includes/ris_entry,IDENTICAL,
lawrennd,main,_includes/endnote_entry,IDENTICAL,
lawrennd,main,_includes/copy_buttons.html,IDENTICAL,
lawrennd,main,_includes/hidden_copy_code.html,IDENTICAL,
lawrennd,main,_includes/paper_google_scholar.html,IDENTICAL,
lawrennd,main,_includes/paper_open_graph_meta.html,IDENTICAL,
lawrennd,main,_includes/paper_twitter_meta.html,IDENTICAL,
lawrennd,main,assets/bib/citeproc.yaml,IDENTICAL,
mlatcl,main,_layouts/publication.html,IDENTICAL,
mlatcl,main,_layouts/article.html,IDENTICAL,layout=publication; body=paper_authors_abstract_links.html
mlatcl,main,_layouts/inproceedings.html,IDENTICAL,
mlatcl,main,_layouts/techreport.html,IDENTICAL,
mlatcl,main,_includes/paper_authors_abstract_links.html,IDENTICAL,
mlatcl,main,_includes/paper_abstract.html,IDENTICAL,
mlatcl,main,_includes/cite-as.html,IDENTICAL,
mlatcl,main,_includes/listpaper.html,IDENTICAL,
mlatcl,main,_includes/listauthors.html,IDENTICAL,
mlatcl,main,_includes/seo-info.html,IDENTICAL,
mlatcl,main,_includes/extractinfo_publication.html,IDENTICAL,
mlatcl,main,_includes/extractname.html,IDENTICAL,
mlatcl,main,_includes/copy_sections.html,IDENTICAL,
mlatcl,main,_includes/bibtex_copy_section.html,IDENTICAL,
mlatcl,main,_includes/apa_copy_section.html,IDENTICAL,
mlatcl,main,_includes/ris_copy_section.html,IDENTICAL,
mlatcl,main,_includes/endnote_copy_section.html,IDENTICAL,
mlatcl,main,_includes/bibtex_entry,IDENTICAL,
mlatcl,main,_includes/apa_entry,IDENTICAL,
mlatcl,main,_includes/ris_entry,IDENTICAL,
mlatcl,main,_includes/endnote_entry,IDENTICAL,
mlatcl,main,_includes/copy_buttons.html,IDENTICAL,
mlatcl,main,_includes/hidden_copy_code.html,IDENTICAL,
mlatcl,main,_includes/paper_google_scholar.html,IDENTICAL,
mlatcl,main,_includes/paper_open_graph_meta.html,IDENTICAL,
mlatcl,main,_includes/paper_twitter_meta.html,IDENTICAL,
mlatcl,main,assets/bib/citeproc.yaml,IDENTICAL,
uk-ai,main,_layouts/publication.html,DIFFERS,
uk-ai,main,_layouts/article.html,IDENTICAL,layout=publication; body=paper_authors_abstract_links.html
uk-ai,main,_layouts/inproceedings.html,IDENTICAL,
uk-ai,main,_layouts/techreport.html,IDENTICAL,
uk-ai,main,_includes/paper_authors_abstract_links.html,IDENTICAL,
uk-ai,main,_includes/paper_abstract.html,IDENTICAL,
uk-ai,main,_includes/cite-as.html,IDENTICAL,
uk-ai,main,_includes/listpaper.html,DIFFERS,
uk-ai,main,_includes/listauthors.html,IDENTICAL,
uk-ai,main,_includes/seo-info.html,IDENTICAL,
uk-ai,main,_includes/extractinfo_publication.html,IDENTICAL,
uk-ai,main,_includes/extractname.html,IDENTICAL,
uk-ai,main,_includes/copy_sections.html,IDENTICAL,
uk-ai,main,_includes/bibtex_copy_section.html,IDENTICAL,
uk-ai,main,_includes/apa_copy_section.html,IDENTICAL,
uk-ai,main,_includes/ris_copy_section.html,IDENTICAL,
uk-ai,main,_includes/endnote_copy_section.html,IDENTICAL,
uk-ai,main,_includes/bibtex_entry,IDENTICAL,
uk-ai,main,_includes/apa_entry,IDENTICAL,
uk-ai,main,_includes/ris_entry,IDENTICAL,
uk-ai,main,_includes/endnote_entry,IDENTICAL,
uk-ai,main,_includes/copy_buttons.html,IDENTICAL,
uk-ai,main,_includes/hidden_copy_code.html,IDENTICAL,
uk-ai,main,_includes/paper_google_scholar.html,IDENTICAL,
uk-ai,main,_includes/paper_open_graph_meta.html,IDENTICAL,
uk-ai,main,_includes/paper_twitter_meta.html,IDENTICAL,
uk-ai,main,assets/bib/citeproc.yaml,IDENTICAL,
datatrustsinitiative,main,_layouts/publication.html,DIFFERS,
datatrustsinitiative,main,_layouts/article.html,IDENTICAL,layout=publication; body=paper_authors_abstract_links.html
datatrustsinitiative,main,_layouts/inproceedings.html,IDENTICAL,
datatrustsinitiative,main,_layouts/techreport.html,IDENTICAL,
datatrustsinitiative,main,_includes/paper_authors_abstract_links.html,IDENTICAL,
datatrustsinitiative,main,_includes/paper_abstract.html,IDENTICAL,
datatrustsinitiative,main,_includes/cite-as.html,IDENTICAL,
datatrustsinitiative,main,_includes/listpaper.html,DIFFERS,
datatrustsinitiative,main,_includes/listauthors.html,IDENTICAL,
datatrustsinitiative,main,_includes/seo-info.html,IDENTICAL,
datatrustsinitiative,main,_includes/extractinfo_publication.html,IDENTICAL,
datatrustsinitiative,main,_includes/extractname.html,IDENTICAL,
datatrustsinitiative,main,_includes/copy_sections.html,IDENTICAL,
datatrustsinitiative,main,_includes/bibtex_copy_section.html,IDENTICAL,
datatrustsinitiative,main,_includes/apa_copy_section.html,IDENTICAL,
datatrustsinitiative,main,_includes/ris_copy_section.html,IDENTICAL,
datatrustsinitiative,main,_includes/endnote_copy_section.html,IDENTICAL,
datatrustsinitiative,main,_includes/bibtex_entry,IDENTICAL,
datatrustsinitiative,main,_includes/apa_entry,IDENTICAL,
datatrustsinitiative,main,_includes/ris_entry,IDENTICAL,
datatrustsinitiative,main,_includes/endnote_entry,IDENTICAL,
datatrustsinitiative,main,_includes/copy_buttons.html,IDENTICAL,
datatrustsinitiative,main,_includes/hidden_copy_code.html,IDENTICAL,
datatrustsinitiative,main,_includes/paper_google_scholar.html,IDENTICAL,
datatrustsinitiative,main,_includes/paper_open_graph_meta.html,IDENTICAL,
datatrustsinitiative,main,_includes/paper_twitter_meta.html,IDENTICAL,
datatrustsinitiative,main,assets/bib/citeproc.yaml,IDENTICAL,
acceleratescience,main,_layouts/publication.html,DIFFERS,
acceleratescience,main,_layouts/article.html,IDENTICAL,layout=publication; body=paper_authors_abstract_links.html
acceleratescience,main,_layouts/inproceedings.html,IDENTICAL,
acceleratescience,main,_layouts/techreport.html,IDENTICAL,
acceleratescience,main,_includes/paper_authors_abstract_links.html,IDENTICAL,
acceleratescience,main,_includes/paper_abstract.html,IDENTICAL,
acceleratescience,main,_includes/cite-as.html,IDENTICAL,
acceleratescience,main,_includes/listpaper.html,IDENTICAL,
acceleratescience,main,_includes/listauthors.html,IDENTICAL,
acceleratescience,main,_includes/seo-info.html,IDENTICAL,
acceleratescience,main,_includes/extractinfo_publication.html,DIFFERS,
acceleratescience,main,_includes/extractname.html,IDENTICAL,
acceleratescience,main,_includes/copy_sections.html,IDENTICAL,
acceleratescience,main,_includes/bibtex_copy_section.html,IDENTICAL,
acceleratescience,main,_includes/apa_copy_section.html,IDENTICAL,
acceleratescience,main,_includes/ris_copy_section.html,IDENTICAL,
acceleratescience,main,_includes/endnote_copy_section.html,IDENTICAL,
acceleratescience,main,_includes/bibtex_entry,IDENTICAL,
acceleratescience,main,_includes/apa_entry,IDENTICAL,
acceleratescience,main,_includes/ris_entry,IDENTICAL,
acceleratescience,main,_includes/endnote_entry,IDENTICAL,
acceleratescience,main,_includes/copy_buttons.html,DIFFERS,
acceleratescience,main,_includes/hidden_copy_code.html,DIFFERS,
acceleratescience,main,_includes/paper_google_scholar.html,IDENTICAL,
acceleratescience,main,_includes/paper_open_graph_meta.html,IDENTICAL,
acceleratescience,main,_includes/paper_twitter_meta.html,IDENTICAL,
acceleratescience,main,assets/bib/citeproc.yaml,IDENTICAL,
aistats,master,_layouts/publication.html,MISSING,
aistats,master,_layouts/article.html,DIFFERS,layout=default; body=paper_abstract.html
aistats,master,_layouts/inproceedings.html,DIFFERS,
aistats,master,_layouts/techreport.html,DIFFERS,
aistats,master,_includes/paper_authors_abstract_links.html,MISSING,
aistats,master,_includes/paper_abstract.html,IDENTICAL,
aistats,master,_includes/cite-as.html,DIFFERS,
aistats,master,_includes/listpaper.html,DIFFERS,
aistats,master,_includes/listauthors.html,IDENTICAL,
aistats,master,_includes/seo-info.html,IDENTICAL,
aistats,master,_includes/extractinfo_publication.html,DIFFERS,
aistats,master,_includes/extractname.html,MISSING,
aistats,master,_includes/copy_sections.html,DIFFERS,
aistats,master,_includes/bibtex_copy_section.html,IDENTICAL,
aistats,master,_includes/apa_copy_section.html,IDENTICAL,
aistats,master,_includes/ris_copy_section.html,IDENTICAL,
aistats,master,_includes/endnote_copy_section.html,IDENTICAL,
aistats,master,_includes/bibtex_entry,IDENTICAL,
aistats,master,_includes/apa_entry,IDENTICAL,
aistats,master,_includes/ris_entry,IDENTICAL,
aistats,master,_includes/endnote_entry,IDENTICAL,
aistats,master,_includes/copy_buttons.html,IDENTICAL,
aistats,master,_includes/hidden_copy_code.html,DIFFERS,
aistats,master,_includes/paper_google_scholar.html,DIFFERS,
aistats,master,_includes/paper_open_graph_meta.html,DIFFERS,
aistats,master,_includes/paper_twitter_meta.html,DIFFERS,
aistats,master,assets/bib/citeproc.yaml,IDENTICAL,
gpschool,master,_layouts/publication.html,MISSING,
gpschool,master,_layouts/article.html,DIFFERS,layout=default; body=paper_abstract.html
gpschool,master,_layouts/inproceedings.html,DIFFERS,
gpschool,master,_layouts/techreport.html,DIFFERS,
gpschool,master,_includes/paper_authors_abstract_links.html,MISSING,
gpschool,master,_includes/paper_abstract.html,IDENTICAL,
gpschool,master,_includes/cite-as.html,DIFFERS,
gpschool,master,_includes/listpaper.html,DIFFERS,
gpschool,master,_includes/listauthors.html,IDENTICAL,
gpschool,master,_includes/seo-info.html,IDENTICAL,
gpschool,master,_includes/extractinfo_publication.html,DIFFERS,
gpschool,master,_includes/extractname.html,MISSING,
gpschool,master,_includes/copy_sections.html,DIFFERS,
gpschool,master,_includes/bibtex_copy_section.html,IDENTICAL,
gpschool,master,_includes/apa_copy_section.html,IDENTICAL,
gpschool,master,_includes/ris_copy_section.html,IDENTICAL,
gpschool,master,_includes/endnote_copy_section.html,IDENTICAL,
gpschool,master,_includes/bibtex_entry,IDENTICAL,
gpschool,master,_includes/apa_entry,IDENTICAL,
gpschool,master,_includes/ris_entry,IDENTICAL,
gpschool,master,_includes/endnote_entry,IDENTICAL,
gpschool,master,_includes/copy_buttons.html,IDENTICAL,
gpschool,master,_includes/hidden_copy_code.html,DIFFERS,
gpschool,master,_includes/paper_google_scholar.html,DIFFERS,
gpschool,master,_includes/paper_open_graph_meta.html,DIFFERS,
gpschool,master,_includes/paper_twitter_meta.html,DIFFERS,
gpschool,master,assets/bib/citeproc.yaml,IDENTICAL,
mlresearch,master,_layouts/publication.html,MISSING,
mlresearch,master,_layouts/article.html,DIFFERS,layout=default; body=paper_abstract.html
mlresearch,master,_layouts/inproceedings.html,DIFFERS,
mlresearch,master,_layouts/techreport.html,DIFFERS,
mlresearch,master,_includes/paper_authors_abstract_links.html,MISSING,
mlresearch,master,_includes/paper_abstract.html,IDENTICAL,
mlresearch,master,_includes/cite-as.html,DIFFERS,
mlresearch,master,_includes/listpaper.html,DIFFERS,
mlresearch,master,_includes/listauthors.html,IDENTICAL,
mlresearch,master,_includes/seo-info.html,IDENTICAL,
mlresearch,master,_includes/extractinfo_publication.html,DIFFERS,
mlresearch,master,_includes/extractname.html,MISSING,
mlresearch,master,_includes/copy_sections.html,DIFFERS,
mlresearch,master,_includes/bibtex_copy_section.html,IDENTICAL,
mlresearch,master,_includes/apa_copy_section.html,IDENTICAL,
mlresearch,master,_includes/ris_copy_section.html,IDENTICAL,
mlresearch,master,_includes/endnote_copy_section.html,IDENTICAL,
mlresearch,master,_includes/bibtex_entry,IDENTICAL,
mlresearch,master,_includes/apa_entry,IDENTICAL,
mlresearch,master,_includes/ris_entry,IDENTICAL,
mlresearch,master,_includes/endnote_entry,IDENTICAL,
mlresearch,master,_includes/copy_buttons.html,DIFFERS,
mlresearch,master,_includes/hidden_copy_code.html,DIFFERS,
mlresearch,master,_includes/paper_google_scholar.html,DIFFERS,
mlresearch,master,_includes/paper_open_graph_meta.html,DIFFERS,
mlresearch,master,_includes/paper_twitter_meta.html,DIFFERS,
mlresearch,master,assets/bib/citeproc.yaml,IDENTICAL,
mlr-datasets,master,_layouts/publication.html,MISSING,
mlr-datasets,master,_layouts/article.html,DIFFERS,layout=default; body=paper_abstract.html
mlr-datasets,master,_layouts/inproceedings.html,DIFFERS,
mlr-datasets,master,_layouts/techreport.html,DIFFERS,
mlr-datasets,master,_includes/paper_authors_abstract_links.html,MISSING,
mlr-datasets,master,_includes/paper_abstract.html,IDENTICAL,
mlr-datasets,master,_includes/cite-as.html,DIFFERS,
mlr-datasets,master,_includes/listpaper.html,DIFFERS,
mlr-datasets,master,_includes/listauthors.html,IDENTICAL,
mlr-datasets,master,_includes/seo-info.html,IDENTICAL,
mlr-datasets,master,_includes/extractinfo_publication.html,DIFFERS,
mlr-datasets,master,_includes/extractname.html,MISSING,
mlr-datasets,master,_includes/copy_sections.html,DIFFERS,
mlr-datasets,master,_includes/bibtex_copy_section.html,IDENTICAL,
mlr-datasets,master,_includes/apa_copy_section.html,IDENTICAL,
mlr-datasets,master,_includes/ris_copy_section.html,IDENTICAL,
mlr-datasets,master,_includes/endnote_copy_section.html,IDENTICAL,
mlr-datasets,master,_includes/bibtex_entry,IDENTICAL,
mlr-datasets,master,_includes/apa_entry,IDENTICAL,
mlr-datasets,master,_includes/ris_entry,IDENTICAL,
mlr-datasets,master,_includes/endnote_entry,IDENTICAL,
mlr-datasets,master,_includes/copy_buttons.html,DIFFERS,
mlr-datasets,master,_includes/hidden_copy_code.html,DIFFERS,
mlr-datasets,master,_includes/paper_google_scholar.html,DIFFERS,
mlr-datasets,master,_includes/paper_open_graph_meta.html,DIFFERS,
mlr-datasets,master,_includes/paper_twitter_meta.html,DIFFERS,
mlr-datasets,master,assets/bib/citeproc.yaml,IDENTICAL,
dalimeeting,dali,_layouts/publication.html,MISSING,
dalimeeting,dali,_layouts/article.html,DIFFERS,layout=default; body=paper_abstract.html
dalimeeting,dali,_layouts/inproceedings.html,DIFFERS,
dalimeeting,dali,_layouts/techreport.html,DIFFERS,
dalimeeting,dali,_includes/paper_authors_abstract_links.html,MISSING,
dalimeeting,dali,_includes/paper_abstract.html,DIFFERS,
dalimeeting,dali,_includes/cite-as.html,DIFFERS,
dalimeeting,dali,_includes/listpaper.html,DIFFERS,
dalimeeting,dali,_includes/listauthors.html,IDENTICAL,
dalimeeting,dali,_includes/seo-info.html,DIFFERS,
dalimeeting,dali,_includes/extractinfo_publication.html,MISSING,
dalimeeting,dali,_includes/extractname.html,MISSING,
dalimeeting,dali,_includes/copy_sections.html,DIFFERS,
dalimeeting,dali,_includes/bibtex_copy_section.html,DIFFERS,
dalimeeting,dali,_includes/apa_copy_section.html,DIFFERS,
dalimeeting,dali,_includes/ris_copy_section.html,DIFFERS,
dalimeeting,dali,_includes/endnote_copy_section.html,DIFFERS,
dalimeeting,dali,_includes/bibtex_entry,DIFFERS,
dalimeeting,dali,_includes/apa_entry,DIFFERS,
dalimeeting,dali,_includes/ris_entry,DIFFERS,
dalimeeting,dali,_includes/endnote_entry,DIFFERS,
dalimeeting,dali,_includes/copy_buttons.html,DIFFERS,
dalimeeting,dali,_includes/hidden_copy_code.html,DIFFERS,
dalimeeting,dali,_includes/paper_google_scholar.html,DIFFERS,
dalimeeting,dali,_includes/paper_open_graph_meta.html,DIFFERS,
dalimeeting,dali,_includes/paper_twitter_meta.html,DIFFERS,
dalimeeting,dali,assets/bib/citeproc.yaml,DIFFERS,
rs-delve,main,_layouts/publication.html,MISSING,
rs-delve,main,_layouts/article.html,DIFFERS,layout=default; body=paper_abstract.html
rs-delve,main,_layouts/inproceedings.html,DIFFERS,
rs-delve,main,_layouts/techreport.html,DIFFERS,
rs-delve,main,_includes/paper_authors_abstract_links.html,MISSING,
rs-delve,main,_includes/paper_abstract.html,IDENTICAL,
rs-delve,main,_includes/cite-as.html,DIFFERS,
rs-delve,main,_includes/listpaper.html,DIFFERS,
rs-delve,main,_includes/listauthors.html,IDENTICAL,
rs-delve,main,_includes/seo-info.html,IDENTICAL,
rs-delve,main,_includes/extractinfo_publication.html,DIFFERS,
rs-delve,main,_includes/extractname.html,MISSING,
rs-delve,main,_includes/copy_sections.html,DIFFERS,
rs-delve,main,_includes/bibtex_copy_section.html,IDENTICAL,
rs-delve,main,_includes/apa_copy_section.html,IDENTICAL,
rs-delve,main,_includes/ris_copy_section.html,IDENTICAL,
rs-delve,main,_includes/endnote_copy_section.html,IDENTICAL,
rs-delve,main,_includes/bibtex_entry,IDENTICAL,
rs-delve,main,_includes/apa_entry,IDENTICAL,
rs-delve,main,_includes/ris_entry,IDENTICAL,
rs-delve,main,_includes/endnote_entry,IDENTICAL,
rs-delve,main,_includes/copy_buttons.html,IDENTICAL,
rs-delve,main,_includes/hidden_copy_code.html,DIFFERS,
rs-delve,main,_includes/paper_google_scholar.html,DIFFERS,
rs-delve,main,_includes/paper_open_graph_meta.html,DIFFERS,
rs-delve,main,_includes/paper_twitter_meta.html,DIFFERS,
rs-delve,main,assets/bib/citeproc.yaml,IDENTICAL,
